sequence,ATE,RPE_trans,RPE_rot,mean_euclidean,median_euclidean,max_euclidean,hausdorff
IMG_0112_frames,1.6888096725113255,0.5599058283159972,0.0542979485182515,13.558336,10.427883,34.16855,34.16628
IMG_0112_frames,1.6888096725113255,0.5599058283159972,0.0542979485182515,13.55833625793457,10.42788314819336,34.168548583984375,34.16627883911133
IMG_0112_frames,1.6888096725113257,0.5599058283159972,0.05429794851825151,13.55833625793457,10.42788314819336,34.168548583984375,34.16627883911133
