sequence,ATE,RPE_trans,RPE_rot,mean_euclidean,median_euclidean,max_euclidean,hausdorff
IMG_0171_frames,0.22081235738168256,0.022934219125608283,1.363273816862081,0.9078206,0.8629235,1.4167621,0.9580795
