sequence,ATE,RPE_trans,RPE_rot,mean_euclidean,median_euclidean,max_euclidean,hausdorff
IMG_0309_frames,0.09357710591682404,0.019790028191780527,1.2048515864257563,0.68338954,0.64819586,0.86211365,0.85690063
