sequence,ATE,RPE_trans,RPE_rot,mean_euclidean,median_euclidean,max_euclidean,hausdorff
IMG_0309_frames,0.080216815900447,0.0182414407628071,1.2228796364940486,0.6174387,0.5991192,0.74532855,0.7408156
IMG_0309_frames,0.08018758080412351,0.018248339062664192,1.2228796364940484,0.6167177557945251,0.5987464785575867,0.744201123714447,0.7396820783615112
