sequence,ATE,RPE_trans,RPE_rot,mean_euclidean,median_euclidean,max_euclidean,hausdorff
IMG_0112_frames,0.08771601792635583,0.012264108411513328,0.06768529252869548,2.0074842,1.8006042,3.5867107,3.5867107
