sequence,ATE,RPE_trans,RPE_rot,mean_euclidean,median_euclidean,max_euclidean,hausdorff
IMG_0171_frames,5.4444759216082215,0.982495638217782,1.4159157966967648,30.598465,30.776855,62.005257,61.96058
IMG_0171_frames,5.4444759216082215,0.982495638217782,1.4159157966967648,30.598464965820312,30.77685546875,62.00525665283203,61.96057891845703
IMG_0171_frames,5.4444759216082215,0.982495638217782,1.4159157966967648,30.598464965820312,30.77685546875,62.00525665283203,61.96057891845703
IMG_0171_frames,5.4444759216082215,0.982495638217782,1.4159157966967648,30.598464965820312,30.77685546875,62.00525665283203,61.96057891845703
