sequence,ATE,RPE_trans,RPE_rot,mean_euclidean,median_euclidean,max_euclidean,hausdorff
IMG_0309_frames,5.2428484091307,1.0581780741776063,0.7721631119360965,9.541278,8.878981,23.496334,23.466381
IMG_0309_frames,5.2428484091306995,1.0581780741776063,0.7721631119360965,9.541277885437012,8.87898063659668,23.496334075927734,23.466381072998047
